nfl_id,CSOE_avg,jugadas,player_name,player_position
46168.0,1.264804176939269,28,Isaac Yiadom,CB
56353.0,1.1340102771879819,22,Starling Thomas V,CB
55921.0,1.034841914250647,48,Tyrique Stevenson,CB
55969.0,0.9792556898934135,20,Jakorian Bennett,CB
47963.0,0.9564277875217089,27,Corey Ballentine,CB
45571.0,0.9349315164745131,50,Michael Davis,CB
54708.0,0.8134460442197431,26,Jaylen Watson,CB
53503.0,0.7320170599535519,62,Benjamin St-Juste,CB
46757.0,0.6601272197251273,58,Charvarius Ward,CB
52272.0,0.6384156645655634,30,Dee Alford,CB
54525.0,0.6332671599873855,46,Cam Taylor-Britt,CB
44911.0,0.6320674447220619,39,Rasul Douglas,CB
55910.0,0.6115271469760141,45,Brian Branch,SS
53462.0,0.6001888469876214,44,Tyson Campbell,CB
38540.0,0.590319834321507,53,Stephon Gilmore,CB
54514.0,0.5893969490177257,56,Alontae Taylor,CB
54687.0,0.5681335438902033,38,Montaric Brown,CB
43700.0,0.5388055911635328,38,Jonathan Jones,CB
54546.0,0.5375270954179461,41,Cordale Flott,CB
53505.0,0.5218677068900379,53,Paulson Adebo,CB
55181.0,0.5213836128924483,21,Tre Avery,CB
46087.0,0.5003475622616365,22,Jaire Alexander,CB
54533.0,0.48661062666281835,47,Martin Emerson,CB
55881.0,0.48648547426284694,21,Christian Gonzalez,CB
56086.0,0.4862381414963488,41,Jaylon Jones,CB
53589.0,0.48514748818548575,22,Shaun Wade,CB
56242.0,0.4610034270428951,22,Eli Ricks,CB
53438.0,0.45319908870784575,54,Pat Surtain II,CB
55869.0,0.44246081742748894,37,Devon Witherspoon,CB
44926.0,0.4386366580472133,43,Rayshawn Jenkins,SS
53565.0,0.4294112302620698,38,Marco Wilson,CB
39984.0,0.42285207462490815,51,Darius Slay,CB
54618.0,0.3963542411567491,40,Riq Woolen,CB
43986.0,0.3920390453999947,30,Antonio Hamilton,CB
47940.0,0.3858889673474527,22,Blake Cashman,ILB
52424.0,0.3716487135355966,51,A.J. Terrell,CB
43641.0,0.37042799612761856,43,Mike Hilton,CB
53533.0,0.36704960822352417,64,Brandon Stephens,CB
55184.0,0.3645452746304586,21,Jack Gibbens,ILB
55888.0,0.3640537183893284,65,Deonte Banks,CB
48241.0,0.36198933661159927,35,Keisean Nixon,CB
56045.0,0.3617848174405334,24,Kei'Trel Clark,CB
46211.0,0.35480475684266255,51,D.J. Reed,CB
46456.0,0.34993787056676146,64,Darious Williams,CB
44830.0,0.34793294313452927,35,Adoree' Jackson,CB
54580.0,0.3454693846149264,29,Damarri Mathis,CB
52546.0,0.34153416992810887,53,L'Jarius Sneed,CB
54486.0,0.33291303347808865,45,Trent McDuffie,CB
53566.0,0.33009367005128376,23,Tre Brown,CB
46137.0,0.3248545380400124,34,Justin Reid,SS
52478.0,0.3227729031816243,21,Brandon Jones,FS
53476.0,0.32240335383143415,50,Asante Samuel,CB
55880.0,0.3193928365237185,39,Emmanuel Forbes,CB
52458.0,0.31715575123236195,34,Jaylon Johnson,CB
52547.0,0.3144176269603442,40,Amik Robertson,CB
44878.0,0.3050473751080315,68,Ahkello Witherspoon,CB
53455.0,0.29650427858876344,39,Greg Newsome II,CB
54936.0,0.28105987790984494,47,Kader Kohou,CB
55925.0,0.27923434445629397,51,DJ Turner II,CB
54502.0,0.2782028676159548,54,Jalen Pitre,FS
52991.0,0.2680669949136713,59,Myles Bryant,S
54469.0,0.26606134494971184,37,Sauce Gardner,CB
53469.0,0.26172175878720705,43,Richie Grant,SS
56030.0,0.25751519568855297,29,Terell Smith,CB
42816.0,0.25736559258351965,25,Troy Hill,CB
44872.0,0.2532672694068913,36,Chidobe Awuzie,CB
46775.0,0.25300370360253904,38,J.C. Jackson,CB
45004.0,0.23866498940164135,33,Xavier Woods,FS
38588.0,0.237766630447425,43,Lavonte David,ILB
43294.0,0.236432068618847,25,Jalen Ramsey,CB
54632.0,0.22497055899561813,63,DaRon Bland,CB
44902.0,0.20646067655132738,26,Shaquill Griffin,CB
42393.0,0.20544552503798497,27,Ronald Darby,CB
44904.0,0.20411724945886683,37,Jourdan Lewis,CB
52444.0,0.20328585985795705,57,Xavier McKinney,SS
54679.0,0.2017016946480127,31,Ja'Sir Taylor,CB
56097.0,0.19806730265931127,36,Carrington Valentine,CB
53601.0,0.1887563583716716,57,Deommodore Lenoir,CB
54677.0,0.188748676413072,56,Derion Kendrick,CB
46698.0,0.18574369229365423,52,Levi Wallace,CB
46124.0,0.18508155889592862,45,Donte Jackson,CB
54504.0,0.18506321858499816,33,Kyler Gordon,CB
48447.0,0.17750345789906344,26,P.J. Locke,SS
53596.0,0.15583683784285798,37,Nate Hobbs,CB
54650.0,0.1388016145059159,45,Christian Benford,CB
53953.0,0.13341462379965605,50,Jerry Jacobs,CB
54833.0,0.13184102304007672,33,Tony Adams,SS
52445.0,0.1318182488472405,48,Kyle Dugger,SS
55137.0,0.1276538835403916,45,Darrell Baker Jr.,CB
43351.0,0.126809768952346,66,James Bradberry,CB
47899.0,0.12144095833710879,42,Amani Hooker,SS
52493.0,0.12140650880532747,47,Julian Blackmon,FS
44854.0,0.12071422435589582,33,Marcus Williams,FS
54500.0,0.11858621439838829,47,Roger McCreary,CB
47822.0,0.11844920656759339,47,Sean Murphy-Bunting,CB
46132.0,0.11456340466706161,58,Carlton Davis III,CB
44828.0,0.11199236224437979,35,Marlon Humphrey,CB
54808.0,0.10751233354483913,54,Reed Blankenship,FS
43306.0,0.09707582555983973,20,Keanu Neal,FS
44925.0,0.09401717498904748,34,Eddie Jackson,FS
46186.0,0.09015359048088657,30,Jordan Whitehead,SS
47816.0,0.0810753697040253,48,Byron Murphy,CB
52436.0,0.08063448239105783,34,Patrick Queen,ILB
54611.0,0.07415442320672047,22,Micah McFadden,ILB
46080.0,0.07224105387651701,24,Minkah Fitzpatrick,FS
46700.0,0.0717726643752141,33,Tre Herndon,CB
54969.0,0.07120209569841816,42,Ja'Quan McMillian,CB
54622.0,0.06890047874863554,58,Zyon McCollum,CB
53465.0,0.06508591415444608,30,Jevon Holland,FS
42441.0,0.053839972582441144,60,Steven Nelson,CB
53583.0,0.050326944457690835,39,Michael Carter II,CB
53531.0,0.043462724146075264,33,Ambry Thomas,CB
43522.0,0.043160891332816774,24,Jalen Mills,CB
41256.0,0.039633448656409706,33,Jimmie Ward,FS
46127.0,0.03626768238750756,25,Isaiah Oliver,FS
54468.0,0.02990285241404568,43,Derek Stingley Jr.,CB
52417.0,0.027131873098456025,22,C.J. Henderson,CB
55909.0,0.025484347014512142,37,Julius Brents,CB
53494.0,0.025311080973956752,47,Andre Cisco,FS
44888.0,0.022929901152754784,32,Alex Anzalone,OLB
47881.0,0.01950066712588795,23,Quincy Williams,OLB
47971.0,0.01730301319744225,22,David Long Jr.,ILB
53472.0,0.015378445198817118,33,Tre'von Moehrig,SS
53604.0,0.0024230027775246047,35,Jason Pinnock,FS
38607.0,0.0016623452912785206,23,Demario Davis,MLB
52469.0,0.0015900181454337687,36,Kristian Fulton,CB
54578.0,-0.0038695991082801115,37,Percy Butler,SS
52473.0,-0.010541927117240167,39,Logan Wilson,MLB
43327.0,-0.013964318616123794,36,Xavien Howard,CB
45287.0,-0.014936509901237746,52,Kenny Moore II,CB
53592.0,-0.026931076746080418,20,Darrick Forrest,FS
40107.0,-0.029089788725393462,48,Micah Hyde,FS
46099.0,-0.02914529233702315,21,Mike Hughes,CB
46073.0,-0.029858313193070127,31,Denzel Ward,CB
37078.0,-0.03652423985756821,54,Patrick Peterson,CB
52624.0,-0.04496466610435461,32,Kam Curl,SS
52411.0,-0.059607255539551415,32,Jeff Okudah,CB
54586.0,-0.06320346878885891,23,Jack Jones,CB
52647.0,-0.07144680648881142,28,Dane Jackson,CB
43350.0,-0.0724383163448047,25,Vonn Bell,SS
44823.0,-0.08479613843273043,39,Marshon Lattimore,CB
42391.0,-0.08557417727924427,25,Denzel Perryman,ILB
47872.0,-0.09112145535143273,23,Bobby Okereke,ILB
45395.0,-0.09479876102295842,41,Arthur Maulet,CB
47846.0,-0.09807542240224236,29,Juan Thornhill,FS
46123.0,-0.10748801160376542,54,Jessie Bates,SS
49410.0,-0.10769035343466545,39,Jalen Thompson,FS
46304.0,-0.10852839072412289,34,Zaire Franklin,MLB
40166.0,-0.11555536284359069,37,Jordan Poyer,SS
54492.0,-0.11616497855768063,32,Devin Lloyd,MLB
47996.0,-0.13179515175483777,27,Donovan Wilson,FS
43299.0,-0.1362777181580922,39,Eli Apple,CB
44837.0,-0.14056447989535892,35,Jabrill Peppers,SS
53529.0,-0.1426458328575643,32,Elijah Molden,FS
52535.0,-0.15489874043616808,24,K'Von Wallace,FS
54479.0,-0.1549727277204738,45,Kyle Hamilton,SS
52613.0,-0.15886890571502713,57,Josh Metellus,SS
43353.0,-0.1602165500885887,33,Kevin Byard,FS
43373.0,-0.16148856508670562,46,Kendall Fuller,CB
52844.0,-0.16178776857634775,20,Christian Rozeboom,ILB
45021.0,-0.17571686368845502,23,Rudy Ford,FS
46527.0,-0.1798368845298406,29,Frankie Luvu,OLB
56011.0,-0.1848097096719543,28,Jordan Howden,FS
48026.0,-0.1907145725246906,27,Nick Scott,FS
54554.0,-0.19336392022198373,32,Terrel Bernard,MLB
44962.0,-0.21047152394291732,42,Damontae Kazee,FS
47855.0,-0.2112843485466378,34,Germaine Pratt,OLB
52452.0,-0.22187686546270227,21,Grant Delpit,SS
44906.0,-0.22690346938914235,70,Cameron Sutton,CB
47804.0,-0.2297754928831664,21,Darnell Savage,FS
46190.0,-0.23010772105918734,46,Taron Johnson,CB
47947.0,-0.23487803859567366,26,E.J. Speed,MLB
47931.0,-0.23987646851962244,37,Dre Greenlaw,ILB
44893.0,-0.24478993346366848,51,Fabian Moreau,CB
44827.0,-0.24835918793119596,22,Malik Hooker,SS
44869.0,-0.25100113267927765,22,Zach Cunningham,MLB
52435.0,-0.26518643818150295,27,Jordyn Brooks,ILB
53489.0,-0.2653434068890214,24,Pete Werner,ILB
55960.0,-0.2732843436642469,22,Jordan Battle,SS
46902.0,-0.27333929225756015,27,Robert Spillane,ILB
52594.0,-0.28000170524731294,40,Alohi Gilman,FS
55967.0,-0.2941872843510718,33,Mekhi Blackmon,CB
43533.0,-0.2943834607442075,38,Jayron Kearse,FS
54562.0,-0.29552188465323986,65,Kerby Joseph,FS
38868.0,-0.29819037392215364,42,Tashaun Gipson,FS
46212.0,-0.3030549534452147,22,Ja'Whaun Bentley,ILB
42361.0,-0.3092448046704274,32,Marcus Peters,CB
52453.0,-0.3114079913794798,63,Antoine Winfield Jr.,FS
54496.0,-0.3116318420336735,47,Daxton Hill,CB
46077.0,-0.31713222417896825,34,Roquan Smith,MLB
46259.0,-0.3204751675735111,43,DeShon Elliott,SS
54607.0,-0.3218317298537155,29,Cobie Durant,CB
54704.0,-0.33276396620552645,34,Rodney Thomas,FS
44903.0,-0.3368423566072699,31,John Johnson,SS
47882.0,-0.3381772942261646,40,Mike Edwards,FS
42543.0,-0.35444725481979045,32,Quandre Diggs,FS
38577.0,-0.36378894015849633,23,Bobby Wagner,MLB
53854.0,-0.3641328263258908,20,Nick McCloud,CB
47877.0,-0.37128155388541667,47,Jamel Dean,CB
53609.0,-0.3717066195639677,28,Talanoa Hufanga,SS
46269.0,-0.39417335547152105,34,Foye Oluokun,OLB
46669.0,-0.40086110090055,32,Jonathan Owens,SS
46085.0,-0.4031092072708882,28,Tremaine Edmunds,MLB
47788.0,-0.4067434504141503,27,Devin White,OLB
54487.0,-0.40914445274973893,21,Quay Walker,OLB
47891.0,-0.42517234244000696,43,Julian Love,SS
45345.0,-0.42697344245377156,26,Nicholas Morrow,ILB
46151.0,-0.43061996999113966,28,Tracy Walker III,FS
52627.0,-0.43205892847176663,50,Geno Stone,FS
43387.0,-0.43221960757550615,40,Justin Simmons,FS
48268.0,-0.4352731969641222,38,Azeez Al-Shaair,MLB
54513.0,-0.43808561593775885,43,Jaquan Brisker,SS
52607.0,-0.44542998533605216,47,Jordan Fuller,FS
55897.0,-0.4561313519946185,43,Joey Porter Jr.,CB
42929.0,-0.4750148068251854,48,Alex Singleton,ILB
56673.0,-0.4802708494698978,21,Eric Garror,CB
54527.0,-0.49015152917652616,27,Bryan Cook,FS
54540.0,-0.4918844684480208,23,Christian Harris,OLB
46086.0,-0.5092036960639964,36,Derwin James,SS
53554.0,-0.516021813000485,58,Camryn Bynum,FS
55882.0,-0.5167567653289289,26,Jack Campbell,MLB
53481.0,-0.5350854460932958,20,Jeremiah Owusu-Koramoah,OLB
55978.0,-0.5360794157477686,28,Clark Phillips III,CB
56540.0,-0.5654483889193874,42,Christian Izien,SS
47844.0,-0.566750855669073,25,Taylor Rapp,FS
54583.0,-0.5741054694577368,46,Akayleb Evans,CB
55912.0,-0.5911652558546646,27,Quan Martin,FS
55149.0,-0.5943916674701486,20,Markquese Bell,SS
41243.0,-0.5996263694018391,27,C.J. Mosley,ILB
38559.0,-0.6099216215811405,42,Harrison Smith,FS
42427.0,-0.6175940111688046,21,Jordan Hicks,ILB
48516.0,-0.6184444780003415,32,T.J. Edwards,OLB
47974.0,-0.6259291907155495,29,Marcus Epps,SS
46097.0,-0.6308873618634304,28,Terrell Edmunds,FS
40017.0,-0.654227073087749,48,Tyrann Mathieu,FS
35459.0,-0.6620260194868421,24,Kareem Jackson,SS
53532.0,-0.677840881427461,26,Ernest Jones,MLB
54719.0,-0.7225622879998949,25,Elijah Hicks,FS
52431.0,-0.8172682887722991,26,"Kenneth Murray, Jr.",MLB
43474.0,-0.8531347109749815,24,DeAndre Houston-Carson,FS
46139.0,-0.8531435841615611,36,Fred Warner,MLB
54718.0,-0.8708929220713412,39,Russ Yeast,FS
46699.0,-0.9748746586613365,27,Dee Delaney,CB
